{
  "sents_p": 0.938437902,
  "sents_r": 0.9650218613,
  "sents_f": 0.9515442442,
  "tag_acc": 0.8981027394,
  "ents_p": 0.9016760215,
  "ents_r": 0.9041780647,
  "ents_f": 0.9029253098,
  "ents_per_type": {
    "ORG": {
      "p": 0.0,
      "r": 0.0,
      "f": 0.0
    },
    "LOC": {
      "p": 0.0,
      "r": 0.0,
      "f": 0.0
    },
    "PER": {
      "p": 0.0,
      "r": 0.0,
      "f": 0.0
    },
    "MISC": {
      "p": 0.0,
      "r": 0.0,
      "f": 0.0
    }
  },
  "speed": 5514.0929448546,
  "token_acc": 1.0,
  "token_p": 0.9988117635,
  "token_r": 0.9995045581,
  "token_f": 0.9991580407,
  "pos_acc": 0.9723089117,
  "morph_acc": 0.9609193125,
  "morph_micro_p": 0.9840604461,
  "morph_micro_r": 0.9797506183,
  "morph_micro_f": 0.981900803,
  "morph_per_feat": {
    "Mood": {
      "p": 0.9926829268,
      "r": 0.984280532,
      "f": 0.9884638737
    },
    "Number": {
      "p": 0.9948356808,
      "r": 0.9900327052,
      "f": 0.9924283819
    },
    "Person": {
      "p": 0.9817987152,
      "r": 0.9786552828,
      "f": 0.9802244789
    },
    "Tense": {
      "p": 0.9600515464,
      "r": 0.9802631579,
      "f": 0.9700520833
    },
    "VerbForm": {
      "p": 0.97566719,
      "r": 0.9849445325,
      "f": 0.9802839117
    },
    "Gender": {
      "p": 0.9727536232,
      "r": 0.9627079748,
      "f": 0.967704729
    },
    "PronType": {
      "p": 0.9906201146,
      "r": 0.9824289406,
      "f": 0.9865075246
    },
    "Definite": {
      "p": 0.9972826087,
      "r": 0.9945799458,
      "f": 0.9959294437
    },
    "NumType": {
      "p": 0.9703947368,
      "r": 0.9672131148,
      "f": 0.9688013136
    },
    "Voice": {
      "p": 0.9204545455,
      "r": 0.9418604651,
      "f": 0.9310344828
    },
    "Polarity": {
      "p": 1.0,
      "r": 1.0,
      "f": 1.0
    },
    "Case": {
      "p": 0.8888888889,
      "r": 0.8979591837,
      "f": 0.8934010152
    }
  },
  "dep_uas": 0.8985941461,
  "dep_las": 0.8592993777,
  "dep_las_per_type": {
    "cop": {
      "p": 0.8684210526,
      "r": 0.9361702128,
      "f": 0.9010238908
    },
    "root": {
      "p": 0.9310344828,
      "r": 0.9160714286,
      "f": 0.9234923492
    },
    "det": {
      "p": 0.9671052632,
      "r": 0.9681668496,
      "f": 0.9676357652
    },
    "amod": {
      "p": 0.9455445545,
      "r": 0.9317073171,
      "f": 0.9385749386
    },
    "nsubj": {
      "p": 0.8786828423,
      "r": 0.8848167539,
      "f": 0.8817391304
    },
    "case": {
      "p": 0.972715736,
      "r": 0.9783024888,
      "f": 0.9755011136
    },
    "nmod": {
      "p": 0.7909967846,
      "r": 0.8218262806,
      "f": 0.806116876
    },
    "flat:name": {
      "p": 0.8858131488,
      "r": 0.9309090909,
      "f": 0.9078014184
    },
    "acl": {
      "p": 0.6260869565,
      "r": 0.6206896552,
      "f": 0.6233766234
    },
    "advmod": {
      "p": 0.8057142857,
      "r": 0.8011363636,
      "f": 0.8034188034
    },
    "obl": {
      "p": 0.682,
      "r": 0.7016460905,
      "f": 0.69168357
    },
    "conj": {
      "p": 0.6311787072,
      "r": 0.6125461255,
      "f": 0.6217228464
    },
    "cc": {
      "p": 0.8879310345,
      "r": 0.8956521739,
      "f": 0.8917748918
    },
    "obj": {
      "p": 0.8568588469,
      "r": 0.8304431599,
      "f": 0.843444227
    },
    "obl:agent": {
      "p": 0.78125,
      "r": 0.8333333333,
      "f": 0.8064516129
    },
    "acl:relcl": {
      "p": 0.6571428571,
      "r": 0.6509433962,
      "f": 0.654028436
    },
    "mark": {
      "p": 0.8605769231,
      "r": 0.8364485981,
      "f": 0.8483412322
    },
    "advcl": {
      "p": 0.6166666667,
      "r": 0.6607142857,
      "f": 0.6379310345
    },
    "xcomp": {
      "p": 0.8099173554,
      "r": 0.784,
      "f": 0.7967479675
    },
    "iobj": {
      "p": 0.7142857143,
      "r": 0.2272727273,
      "f": 0.3448275862
    },
    "appos": {
      "p": 0.6125,
      "r": 0.5975609756,
      "f": 0.6049382716
    },
    "fixed": {
      "p": 0.7906976744,
      "r": 0.6071428571,
      "f": 0.6868686869
    },
    "nummod": {
      "p": 0.9798657718,
      "r": 0.9358974359,
      "f": 0.9573770492
    },
    "aux": {
      "p": 0.9090909091,
      "r": 0.9677419355,
      "f": 0.9375
    },
    "csubj": {
      "p": 0.75,
      "r": 0.375,
      "f": 0.5
    },
    "ccomp": {
      "p": 0.7142857143,
      "r": 0.6666666667,
      "f": 0.6896551724
    },
    "orphan": {
      "p": 0.0,
      "r": 0.0,
      "f": 0.0
    },
    "flat": {
      "p": 1.0,
      "r": 0.9615384615,
      "f": 0.9803921569
    },
    "aux:pass": {
      "p": 0.9710144928,
      "r": 0.9852941176,
      "f": 0.9781021898
    },
    "nsubj:pass": {
      "p": 0.8301886792,
      "r": 0.8148148148,
      "f": 0.8224299065
    },
    "parataxis": {
      "p": 0.4444444444,
      "r": 0.338028169,
      "f": 0.384
    },
    "list": {
      "p": 0.0,
      "r": 0.0,
      "f": 0.0
    },
    "dep": {
      "p": 0.0,
      "r": 0.0,
      "f": 0.0
    },
    "expl": {
      "p": 0.7826086957,
      "r": 0.9473684211,
      "f": 0.8571428571
    },
    "flat:foreign": {
      "p": 0.75,
      "r": 0.75,
      "f": 0.75
    },
    "compound": {
      "p": 0.75,
      "r": 0.6,
      "f": 0.6666666667
    },
    "vocative": {
      "p": 0.0,
      "r": 0.0,
      "f": 0.0
    },
    "discourse": {
      "p": 1.0,
      "r": 0.3333333333,
      "f": 0.5
    },
    "expl:pass": {
      "p": 0.0,
      "r": 0.0,
      "f": 0.0
    }
  },
  "lemma_acc": 0.973701154
}