{
  "total_documentos": 27,
  "media_relevancia": 0.016771488469601675,
  "documentos_mais_relevantes": [
    [
      "64675-Texto do artigo ou resenha-257044-1-10-20241226",
      0.03773584905660377
    ],
    [
      "58976-Texto do artigo ou resenha-240567-1-10-20240528",
      0.03773584905660377
    ],
    [
      "60166-Texto do artigo ou resenha-240524-1-10-20240527",
      0.03773584905660377
    ],
    [
      "64037-Texto do artigo ou resenha-257009-1-10-20241225",
      0.018867924528301886
    ],
    [
      "59247-Texto do artigo ou resenha-257021-1-10-20241226",
      0.018867924528301886
    ]
  ]
}